张三,13588064053
李四,13588064054
王武,13588064055
赵签,13588064056
孙俪,13588064057
褚思,13588064058
张三,13588064059
李四,13588064060
王武,13588064061
赵签,13588064062
孙俪,13588064063
褚思,13588064064
张三,13588064065
李四,13588064066
王武,13588064067
赵签,13588064068
孙俪,13588064069
褚思,13588064070
张三,13588064071
李四,13588064072
王武,13588064073
赵签,13588064074
孙俪,13588064075
褚思,13588064076
张三,13588064077
李四,13588064078
王武,13588064079
赵签,13588064080
孙俪,13588064081
褚思,13588064082
张三,13588064083
李四,13588064084
王武,13588064085
赵签,13588064086
孙俪,13588064087
褚思,13588064088
张三,13588064089
李四,13588064090
王武,13588064091
赵签,13588064092
孙俪,13588064093
褚思,13588064094
张三,13588064095
李四,13588064096
王武,13588064097
赵签,13588064098
孙俪,13588064099
褚思,13588064100
张三,13588064101
李四,13588064102
王武,13588064103
赵签,13588064104
孙俪,13588064105
褚思,13588064106
张三,13588064107
李四,13588064108
王武,13588064109
赵签,13588064110
孙俪,13588064111
褚思,13588064112
张三,13588064113
李四,13588064114
王武,13588064115
赵签,13588064116
孙俪,13588064117
褚思,13588064118
张三,13588064119
李四,13588064120
王武,13588064121
赵签,13588064122
孙俪,13588064123
褚思,13588064124
张三,13588064125
李四,13588064126
王武,13588064127
赵签,13588064128
孙俪,13588064129
褚思,13588064130
张三,13588064131
李四,13588064132
王武,13588064133
赵签,13588064134
孙俪,13588064135
褚思,13588064136
张三,13588064137
李四,13588064138
王武,13588064139
赵签,13588064140
孙俪,13588064141
褚思,13588064142
张三,13588064143
李四,13588064144
王武,13588064145
赵签,13588064146
孙俪,13588064147
褚思,13588064148
张三,13588064149
李四,13588064150
王武,13588064151
赵签,13588064152
